label,x,y,name,width,height
windshield,236,189,00001.jpg,600,400
windshield,212,146,00001.jpg,600,400
windshield,372,138,00001.jpg,600,400
windshield,428,184,00001.jpg,600,400
light,286,245,00001.jpg,600,400
light,374,259,00001.jpg,600,400
light,305,273,00001.jpg,600,400
light,391,280,00001.jpg,600,400
light,550,265,00001.jpg,600,400
light,550,242,00001.jpg,600,400
light,561,260,00001.jpg,600,400
light,547,230,00001.jpg,600,400
windshield,337,231,00002.jpg,900,675
windshield,410,182,00002.jpg,900,675
windshield,629,184,00002.jpg,900,675
windshield,590,251,00002.jpg,900,675
light,303,371,00002.jpg,900,675
light,264,411,00002.jpg,900,675
light,481,338,00002.jpg,900,675
light,469,375,00002.jpg,900,675
light,110,312,00002.jpg,900,675
light,103,333,00002.jpg,900,675
light,83,350,00002.jpg,900,675
light,87,378,00002.jpg,900,675
windshield,380,173,00003.jpg,640,480
windshield,403,129,00003.jpg,640,480
windshield,298,129,00003.jpg,640,480
windshield,253,166,00003.jpg,640,480
light,227,232,00003.jpg,640,480
light,286,232,00003.jpg,640,480
light,287,266,00003.jpg,640,480
light,224,263,00003.jpg,640,480
light,113,213,00003.jpg,640,480
light,134,215,00003.jpg,640,480
light,111,249,00003.jpg,640,480
light,131,252,00003.jpg,640,480
windshield,1295,551,00004.jpg,2100,1386
windshield,1261,467,00004.jpg,2100,1386
windshield,836,464,00004.jpg,2100,1386
windshield,808,551,00004.jpg,2100,1386
light,672,668,00004.jpg,2100,1386
light,740,678,00004.jpg,2100,1386
light,774,730,00004.jpg,2100,1386
light,688,743,00004.jpg,2100,1386
light,1350,687,00004.jpg,2100,1386
light,1428,665,00004.jpg,2100,1386
light,1419,736,00004.jpg,2100,1386
light,1332,727,00004.jpg,2100,1386
windshield,394,328,00006.jpg,575,431
windshield,410,303,00006.jpg,575,431
windshield,365,300,00006.jpg,575,431
windshield,333,324,00006.jpg,575,431
light,321,361,00006.jpg,575,431
light,341,361,00006.jpg,575,431
light,335,370,00006.jpg,575,431
light,312,370,00006.jpg,575,431
light,277,355,00006.jpg,575,431
light,273,361,00006.jpg,575,431
light,263,355,00006.jpg,575,431
windshield,433,157,00007.jpg,640,480
windshield,450,101,00007.jpg,640,480
windshield,298,90,00007.jpg,640,480
windshield,239,133,00007.jpg,640,480
light,279,242,00007.jpg,640,480
light,387,231,00007.jpg,640,480
light,364,273,00007.jpg,640,480
light,260,273,00007.jpg,640,480
light,111,197,00007.jpg,640,480
light,116,206,00007.jpg,640,480
light,102,218,00007.jpg,640,480
light,113,230,00007.jpg,640,480
windshield,302,151,00008.jpg,639,480
windshield,254,104,00008.jpg,639,480
windshield,453,148,00008.jpg,639,480
windshield,386,111,00008.jpg,639,480
light,339,229,00008.jpg,639,480
light,433,213,00008.jpg,639,480
light,433,245,00008.jpg,639,480
light,334,258,00008.jpg,639,480
light,543,201,00008.jpg,639,480
light,550,225,00008.jpg,639,480
light,581,214,00008.jpg,639,480
light,579,197,00008.jpg,639,480
windshield,549,304,00009.jpg,1280,843
windshield,916,293,00009.jpg,1280,843
windshield,744,180,00009.jpg,1280,843
windshield,453,178,00009.jpg,1280,843
light,746,478,00009.jpg,1280,843
light,751,533,00009.jpg,1280,843
light,976,508,00009.jpg,1280,843
light,963,539,00009.jpg,1280,843
light,1231,486,00009.jpg,1280,843
light,1244,516,00009.jpg,1280,843
light,1223,425,00009.jpg,1280,843
light,1246,472,00009.jpg,1280,843
windshield,288,174,00010.jpg,640,480
windshield,342,134,00010.jpg,640,480
windshield,267,142,00010.jpg,640,480
windshield,200,176,00010.jpg,640,480
light,219,196,00010.jpg,640,480
light,142,209,00010.jpg,640,480
light,125,226,00010.jpg,640,480
light,198,221,00010.jpg,640,480
light,49,212,00010.jpg,640,480
light,58,217,00010.jpg,640,480
light,44,229,00010.jpg,640,480
light,55,230,00010.jpg,640,480
windshield,328,149,00011.jpg,640,424
windshield,347,119,00011.jpg,640,424
windshield,193,124,00011.jpg,640,424
windshield,149,155,00011.jpg,640,424
light,259,199,00011.jpg,640,424
light,378,189,00011.jpg,640,424
light,351,214,00011.jpg,640,424
light,271,216,00011.jpg,640,424
light,69,187,00011.jpg,640,424
light,59,220,00011.jpg,640,424
light,121,201,00011.jpg,640,424
light,111,219,00011.jpg,640,424
windshield,242,117,00012.jpg,500,315
windshield,267,84,00012.jpg,500,315
windshield,175,82,00012.jpg,500,315
windshield,123,118,00012.jpg,500,315
light,131,148,00012.jpg,500,315
light,133,166,00012.jpg,500,315
light,183,147,00012.jpg,500,315
light,167,165,00012.jpg,500,315
light,25,146,00012.jpg,500,315
light,33,148,00012.jpg,500,315
light,20,174,00012.jpg,500,315
light,28,175,00012.jpg,500,315
windshield,306,114,00013.jpg,500,335
windshield,324,61,00013.jpg,500,335
windshield,209,56,00013.jpg,500,335
windshield,153,100,00013.jpg,500,335
light,164,204,00013.jpg,500,335
light,157,223,00013.jpg,500,335
light,260,182,00013.jpg,500,335
light,228,220,00013.jpg,500,335
light,51,196,00013.jpg,500,335
light,40,179,00013.jpg,500,335
light,53,179,00013.jpg,500,335
light,52,154,00013.jpg,500,335
windshield,96,348,00014.jpg,800,600
windshield,130,281,00014.jpg,800,600
windshield,104,287,00014.jpg,800,600
windshield,56,354,00014.jpg,800,600
light,100,381,00014.jpg,800,600
light,118,381,00014.jpg,800,600
light,100,422,00014.jpg,800,600
light,129,417,00014.jpg,800,600
light,39,382,00014.jpg,800,600
light,52,380,00014.jpg,800,600
light,43,412,00014.jpg,800,600
light,53,412,00014.jpg,800,600
windshield,345,163,00015.jpg,640,424
windshield,405,97,00015.jpg,640,424
windshield,295,89,00015.jpg,640,424
windshield,224,133,00015.jpg,640,424
light,138,256,00015.jpg,640,424
light,121,280,00015.jpg,640,424
light,244,237,00015.jpg,640,424
light,215,272,00015.jpg,640,424
light,44,232,00015.jpg,640,424
light,46,210,00015.jpg,640,424
light,58,217,00015.jpg,640,424
light,66,194,00015.jpg,640,424
windshield,208,164,00016.jpg,640,480
windshield,425,146,00016.jpg,640,480
windshield,357,86,00016.jpg,640,480
windshield,186,92,00016.jpg,640,480
light,354,251,00016.jpg,640,480
light,335,275,00016.jpg,640,480
light,399,273,00016.jpg,640,480
light,373,295,00016.jpg,640,480
light,578,209,00016.jpg,640,480
light,589,223,00016.jpg,640,480
light,582,229,00016.jpg,640,480
light,589,241,00016.jpg,640,480
windshield,128,80,00017.jpg,259,194
windshield,146,64,00017.jpg,259,194
windshield,126,62,00017.jpg,259,194
windshield,106,73,00017.jpg,259,194
light,51,110,00017.jpg,259,194
light,59,103,00017.jpg,259,194
light,78,103,00017.jpg,259,194
light,71,112,00017.jpg,259,194
light,44,100,00017.jpg,259,194
light,44,97,00017.jpg,259,194
light,50,92,00017.jpg,259,194
light,52,95,00017.jpg,259,194
windshield,142,54,00018.jpg,200,147
windshield,144,30,00018.jpg,200,147
windshield,87,28,00018.jpg,200,147
windshield,68,46,00018.jpg,200,147
light,121,79,00018.jpg,200,147
light,119,94,00018.jpg,200,147
light,83,96,00018.jpg,200,147
light,84,88,00018.jpg,200,147
light,24,83,00018.jpg,200,147
light,27,78,00018.jpg,200,147
light,27,63,00018.jpg,200,147
light,18,77,00018.jpg,200,147
windshield,1069,363,00019.jpg,1500,938
windshield,1159,363,00019.jpg,1500,938
windshield,1013,303,00019.jpg,1500,938
windshield,936,296,00019.jpg,1500,938
light,1040,442,00019.jpg,1500,938
light,1108,431,00019.jpg,1500,938
light,1106,480,00019.jpg,1500,938
light,1195,484,00019.jpg,1500,938
light,1308,489,00019.jpg,1500,938
light,1277,458,00019.jpg,1500,938
light,1296,462,00019.jpg,1500,938
light,1272,434,00019.jpg,1500,938
windshield,423,360,00020.jpg,1000,650
windshield,605,357,00020.jpg,1000,650
windshield,506,303,00020.jpg,1000,650
windshield,363,313,00020.jpg,1000,650
light,653,390,00020.jpg,1000,650
light,792,434,00020.jpg,1000,650
light,702,425,00020.jpg,1000,650
light,717,405,00020.jpg,1000,650
light,920,430,00020.jpg,1000,650
light,885,408,00020.jpg,1000,650
light,909,408,00020.jpg,1000,650
light,872,393,00020.jpg,1000,650
windshield,932,628,00022.jpg,2100,1386
windshield,1035,578,00022.jpg,2100,1386
windshield,870,575,00022.jpg,2100,1386
windshield,750,625,00022.jpg,2100,1386
light,1499,805,00022.jpg,2100,1386
light,1536,829,00022.jpg,2100,1386
light,1577,777,00022.jpg,2100,1386
light,1660,823,00022.jpg,2100,1386
light,1831,805,00022.jpg,2100,1386
light,1809,764,00022.jpg,2100,1386
light,1862,801,00022.jpg,2100,1386
light,1843,727,00022.jpg,2100,1386
windshield,226,75,00023.jpg,500,270
windshield,343,75,00023.jpg,500,270
windshield,302,47,00023.jpg,500,270
windshield,206,44,00023.jpg,500,270
light,310,97,00023.jpg,500,270
light,338,99,00023.jpg,500,270
light,352,129,00023.jpg,500,270
light,309,131,00023.jpg,500,270
light,441,97,00023.jpg,500,270
light,454,99,00023.jpg,500,270
light,459,128,00023.jpg,500,270
light,449,128,00023.jpg,500,270
windshield,466,268,00024.jpg,1024,768
windshield,754,277,00024.jpg,1024,768
windshield,662,191,00024.jpg,1024,768
windshield,417,188,00024.jpg,1024,768
light,509,306,00024.jpg,1024,768
light,564,295,00024.jpg,1024,768
light,569,315,00024.jpg,1024,768
light,647,330,00024.jpg,1024,768
light,899,337,00024.jpg,1024,768
light,884,312,00024.jpg,1024,768
light,911,315,00024.jpg,1024,768
light,873,297,00024.jpg,1024,768
windshield,378,148,00025.jpg,604,453
windshield,385,101,00025.jpg,604,453
windshield,265,106,00025.jpg,604,453
windshield,234,148,00025.jpg,604,453
light,165,215,00025.jpg,604,453
light,217,216,00025.jpg,604,453
light,214,254,00025.jpg,604,453
light,160,250,00025.jpg,604,453
light,77,241,00025.jpg,604,453
light,76,209,00025.jpg,604,453
light,57,206,00025.jpg,604,453
light,53,232,00025.jpg,604,453
windshield,339,226,00026.jpg,628,417
windshield,445,230,00026.jpg,628,417
windshield,367,194,00026.jpg,628,417
windshield,288,190,00026.jpg,628,417
light,397,254,00026.jpg,628,417
light,424,280,00026.jpg,628,417
light,451,267,00026.jpg,628,417
light,491,291,00026.jpg,628,417
light,582,290,00026.jpg,628,417
light,575,276,00026.jpg,628,417
light,586,283,00026.jpg,628,417
light,569,262,00026.jpg,628,417
windshield,320,176,00027.jpg,630,418
windshield,359,125,00027.jpg,630,418
windshield,260,128,00027.jpg,630,418
windshield,185,176,00027.jpg,630,418
light,205,234,00027.jpg,630,418
light,265,204,00027.jpg,630,418
light,270,221,00027.jpg,630,418
light,218,218,00027.jpg,630,418
light,101,240,00027.jpg,630,418
light,106,221,00027.jpg,630,418
light,99,213,00027.jpg,630,418
light,92,232,00027.jpg,630,418
windshield,321,163,00028.jpg,620,412
windshield,351,128,00028.jpg,620,412
windshield,240,138,00028.jpg,620,412
windshield,202,160,00028.jpg,620,412
light,186,202,00028.jpg,620,412
light,195,232,00028.jpg,620,412
light,240,205,00028.jpg,620,412
light,258,233,00028.jpg,620,412
light,60,195,00028.jpg,620,412
light,56,235,00028.jpg,620,412
light,72,196,00028.jpg,620,412
light,68,237,00028.jpg,620,412
windshield,494,452,00029.jpg,1600,1200
windshield,1077,399,00029.jpg,1600,1200
windshield,910,256,00029.jpg,1600,1200
windshield,480,282,00029.jpg,1600,1200
light,568,653,00029.jpg,1600,1200
light,745,662,00029.jpg,1600,1200
light,702,724,00029.jpg,1600,1200
light,946,791,00029.jpg,1600,1200
light,1465,720,00029.jpg,1600,1200
light,1438,633,00029.jpg,1600,1200
light,1491,650,00029.jpg,1600,1200
light,1445,562,00029.jpg,1600,1200
windshield,330,221,00030.jpg,896,592
windshield,596,217,00030.jpg,896,592
windshield,542,144,00030.jpg,896,592
windshield,325,143,00030.jpg,896,592
light,526,337,00030.jpg,896,592
light,615,329,00030.jpg,896,592
light,618,383,00030.jpg,896,592
light,535,385,00030.jpg,896,592
light,777,326,00030.jpg,896,592
light,826,318,00030.jpg,896,592
light,831,362,00030.jpg,896,592
light,782,373,00030.jpg,896,592
windshield,348,384,00031.jpg,1024,768
windshield,362,344,00031.jpg,1024,768
windshield,235,337,00031.jpg,1024,768
windshield,195,367,00031.jpg,1024,768
light,241,419,00031.jpg,1024,768
light,240,444,00031.jpg,1024,768
light,301,424,00031.jpg,1024,768
light,301,448,00031.jpg,1024,768
light,79,401,00031.jpg,1024,768
light,107,404,00031.jpg,1024,768
light,100,428,00031.jpg,1024,768
light,73,425,00031.jpg,1024,768
windshield,370,97,00032.jpg,500,375
windshield,386,43,00032.jpg,500,375
windshield,243,52,00032.jpg,500,375
windshield,182,91,00032.jpg,500,375
light,180,234,00032.jpg,500,375
light,221,188,00032.jpg,500,375
light,285,225,00032.jpg,500,375
light,331,164,00032.jpg,500,375
light,16,194,00032.jpg,500,375
light,21,172,00032.jpg,500,375
light,34,172,00032.jpg,500,375
light,54,139,00032.jpg,500,375
windshield,405,303,00033.jpg,1024,768
windshield,506,234,00033.jpg,1024,768
windshield,365,223,00033.jpg,1024,768
windshield,218,268,00033.jpg,1024,768
light,235,361,00033.jpg,1024,768
light,214,381,00033.jpg,1024,768
light,261,386,00033.jpg,1024,768
light,223,407,00033.jpg,1024,768
light,68,314,00033.jpg,1024,768
light,61,338,00033.jpg,1024,768
light,64,358,00033.jpg,1024,768
windshield,360,151,00034.jpg,640,480
windshield,406,95,00034.jpg,640,480
windshield,283,92,00034.jpg,640,480
windshield,217,140,00034.jpg,640,480
light,169,229,00034.jpg,640,480
light,260,210,00034.jpg,640,480
light,199,261,00034.jpg,640,480
light,138,262,00034.jpg,640,480
light,55,236,00034.jpg,640,480
light,48,226,00034.jpg,640,480
light,61,212,00034.jpg,640,480
light,67,193,00034.jpg,640,480
windshield,852,133,00035.jpg,1258,816
windshield,481,119,00035.jpg,1258,816
windshield,473,135,00035.jpg,1258,816
light,256,204,00035.jpg,1258,816
light,408,183,00035.jpg,1258,816
light,414,250,00035.jpg,1258,816
light,250,273,00035.jpg,1258,816
light,913,183,00035.jpg,1258,816
light,913,258,00035.jpg,1258,816
light,1069,206,00035.jpg,1258,816
light,1078,278,00035.jpg,1258,816
windshield,415,76,00036.jpg,580,250
windshield,402,46,00036.jpg,580,250
windshield,280,74,00036.jpg,580,250
windshield,243,106,00036.jpg,580,250
light,336,137,00036.jpg,580,250
light,340,122,00036.jpg,580,250
light,361,124,00036.jpg,580,250
light,393,87,00036.jpg,580,250
light,151,165,00036.jpg,580,250
light,146,158,00036.jpg,580,250
light,165,153,00036.jpg,580,250
light,172,129,00036.jpg,580,250
windshield,359,162,00037.jpg,640,425
windshield,396,116,00037.jpg,640,425
windshield,306,105,00037.jpg,640,425
windshield,255,146,00037.jpg,640,425
light,127,243,00037.jpg,640,425
light,163,255,00037.jpg,640,425
light,193,234,00037.jpg,640,425
light,106,263,00037.jpg,640,425
light,49,207,00037.jpg,640,425
light,36,227,00037.jpg,640,425
light,48,231,00037.jpg,640,425
light,38,252,00037.jpg,640,425
windshield,297,143,00038.jpg,480,360
windshield,313,105,00038.jpg,480,360
windshield,216,107,00038.jpg,480,360
windshield,169,143,00038.jpg,480,360
light,119,214,00038.jpg,480,360
light,180,207,00038.jpg,480,360
light,179,237,00038.jpg,480,360
light,114,238,00038.jpg,480,360
light,29,200,00038.jpg,480,360
light,38,203,00038.jpg,480,360
light,29,226,00038.jpg,480,360
light,38,231,00038.jpg,480,360
windshield,433,154,00039.jpg,640,425
windshield,456,126,00039.jpg,640,425
windshield,335,131,00039.jpg,640,425
windshield,289,154,00039.jpg,640,425
light,302,163,00039.jpg,640,425
light,340,166,00039.jpg,640,425
light,212,200,00039.jpg,640,425
light,272,197,00039.jpg,640,425
light,120,161,00039.jpg,640,425
light,127,163,00039.jpg,640,425
light,68,196,00039.jpg,640,425
light,85,200,00039.jpg,640,425
windshield,343,180,00040.jpg,750,469
windshield,535,176,00040.jpg,750,469
windshield,507,139,00040.jpg,750,469
windshield,330,145,00040.jpg,750,469
light,353,238,00040.jpg,750,469
light,426,251,00040.jpg,750,469
light,435,268,00040.jpg,750,469
light,371,265,00040.jpg,750,469
light,623,241,00040.jpg,750,469
light,622,261,00040.jpg,750,469
light,647,253,00040.jpg,750,469
light,637,226,00040.jpg,750,469
windshield,447,135,00041.jpg,640,480
windshield,418,80,00041.jpg,640,480
windshield,196,82,00041.jpg,640,480
windshield,171,127,00041.jpg,640,480
light,84,222,00041.jpg,640,480
light,79,256,00041.jpg,640,480
light,156,246,00041.jpg,640,480
light,162,278,00041.jpg,640,480
light,479,246,00041.jpg,640,480
light,469,282,00041.jpg,640,480
light,546,258,00041.jpg,640,480
light,546,224,00041.jpg,640,480
windshield,229,133,00042.jpg,640,452
windshield,398,132,00042.jpg,640,452
windshield,345,86,00042.jpg,640,452
windshield,212,70,00042.jpg,640,452
light,450,194,00042.jpg,640,452
light,441,218,00042.jpg,640,452
light,469,218,00042.jpg,640,452
light,454,244,00042.jpg,640,452
light,596,185,00042.jpg,640,452
light,590,203,00042.jpg,640,452
light,602,201,00042.jpg,640,452
light,597,218,00042.jpg,640,452
windshield,250,173,00043.jpg,596,417
windshield,294,109,00043.jpg,596,417
windshield,179,79,00043.jpg,596,417
windshield,124,134,00043.jpg,596,417
light,110,228,00043.jpg,596,417
light,169,234,00043.jpg,596,417
light,170,284,00043.jpg,596,417
light,97,274,00043.jpg,596,417
light,33,172,00043.jpg,596,417
light,29,190,00043.jpg,596,417
light,27,232,00043.jpg,596,417
light,21,211,00043.jpg,596,417
windshield,297,233,00044.jpg,659,439
windshield,447,230,00044.jpg,659,439
windshield,428,203,00044.jpg,659,439
windshield,287,208,00044.jpg,659,439
light,315,277,00044.jpg,659,439
light,327,291,00044.jpg,659,439
light,353,283,00044.jpg,659,439
light,367,296,00044.jpg,659,439
light,504,283,00044.jpg,659,439
light,503,295,00044.jpg,659,439
light,525,276,00044.jpg,659,439
light,525,290,00044.jpg,659,439
light,43,181,00045.jpg,500,375
light,28,180,00045.jpg,500,375
light,24,196,00045.jpg,500,375
light,33,198,00045.jpg,500,375
light,60,164,00045.jpg,500,375
light,51,167,00045.jpg,500,375
light,45,173,00045.jpg,500,375
light,52,174,00045.jpg,500,375
windshield,409,185,00046.jpg,786,492
windshield,636,194,00046.jpg,786,492
windshield,572,128,00046.jpg,786,492
windshield,352,125,00046.jpg,786,492
light,305,246,00046.jpg,786,492
light,420,227,00046.jpg,786,492
light,445,261,00046.jpg,786,492
light,315,268,00046.jpg,786,492
light,693,234,00046.jpg,786,492
light,721,240,00046.jpg,786,492
light,693,270,00046.jpg,786,492
light,733,273,00046.jpg,786,492
windshield,915,406,00047.jpg,1600,1200
windshield,884,294,00047.jpg,1600,1200
windshield,437,308,00047.jpg,1600,1200
windshield,372,421,00047.jpg,1600,1200
light,652,533,00047.jpg,1600,1200
light,807,528,00047.jpg,1600,1200
light,817,614,00047.jpg,1600,1200
light,654,607,00047.jpg,1600,1200
light,183,555,00047.jpg,1600,1200
light,317,552,00047.jpg,1600,1200
light,317,629,00047.jpg,1600,1200
light,181,631,00047.jpg,1600,1200
windshield,579,169,00048.jpg,813,541
windshield,585,115,00048.jpg,813,541
windshield,390,143,00048.jpg,813,541
windshield,361,200,00048.jpg,813,541
light,240,299,00048.jpg,813,541
light,240,317,00048.jpg,813,541
light,279,296,00048.jpg,813,541
light,281,312,00048.jpg,813,541
light,453,278,00048.jpg,813,541
light,506,271,00048.jpg,813,541
light,507,288,00048.jpg,813,541
light,452,296,00048.jpg,813,541
windshield,349,729,00049.jpg,1600,1067
windshield,420,673,00049.jpg,1600,1067
windshield,316,644,00049.jpg,1600,1067
windshield,262,692,00049.jpg,1600,1067
light,380,769,00049.jpg,1600,1067
light,373,807,00049.jpg,1600,1067
light,434,779,00049.jpg,1600,1067
light,321,803,00049.jpg,1600,1067
light,210,706,00049.jpg,1600,1067
light,179,734,00049.jpg,1600,1067
light,210,736,00049.jpg,1600,1067
light,189,765,00049.jpg,1600,1067
windshield,369,146,00050.jpg,580,407
windshield,392,113,00050.jpg,580,407
windshield,246,116,00050.jpg,580,407
windshield,192,146,00050.jpg,580,407
light,222,188,00050.jpg,580,407
light,196,204,00050.jpg,580,407
light,234,205,00050.jpg,580,407
light,208,225,00050.jpg,580,407
light,50,189,00050.jpg,580,407
light,35,203,00050.jpg,580,407
light,49,203,00050.jpg,580,407
light,37,219,00050.jpg,580,407
windshield,310,252,00051.jpg,640,480
windshield,346,207,00051.jpg,640,480
windshield,281,200,00051.jpg,640,480
windshield,232,236,00051.jpg,640,480
light,124,314,00051.jpg,640,480
light,162,319,00051.jpg,640,480
light,158,352,00051.jpg,640,480
light,108,347,00051.jpg,640,480
light,72,275,00051.jpg,640,480
light,76,285,00051.jpg,640,480
light,66,322,00051.jpg,640,480
light,58,315,00051.jpg,640,480
windshield,385,148,00052.jpg,808,424
windshield,447,83,00052.jpg,808,424
windshield,293,71,00052.jpg,808,424
windshield,220,130,00052.jpg,808,424
light,217,217,00052.jpg,808,424
light,282,216,00052.jpg,808,424
light,272,237,00052.jpg,808,424
light,206,239,00052.jpg,808,424
light,68,201,00052.jpg,808,424
light,62,231,00052.jpg,808,424
light,54,217,00052.jpg,808,424
windshield,248,216,00053.jpg,500,375
windshield,290,201,00053.jpg,500,375
windshield,252,199,00053.jpg,500,375
windshield,211,215,00053.jpg,500,375
light,220,235,00053.jpg,500,375
light,209,241,00053.jpg,500,375
light,246,241,00053.jpg,500,375
light,240,247,00053.jpg,500,375
light,174,223,00053.jpg,500,375
light,181,226,00053.jpg,500,375
light,170,229,00053.jpg,500,375
light,176,235,00053.jpg,500,375
windshield,774,700,00054.jpg,1600,1200
windshield,845,614,00054.jpg,1600,1200
windshield,590,607,00054.jpg,1600,1200
windshield,461,698,00054.jpg,1600,1200
light,355,818,00054.jpg,1600,1200
light,489,803,00054.jpg,1600,1200
light,499,846,00054.jpg,1600,1200
light,358,853,00054.jpg,1600,1200
light,83,798,00054.jpg,1600,1200
light,107,808,00054.jpg,1600,1200
light,107,849,00054.jpg,1600,1200
light,76,849,00054.jpg,1600,1200
windshield,415,186,00055.jpg,620,433
windshield,433,146,00055.jpg,620,433
windshield,270,146,00055.jpg,620,433
windshield,219,185,00055.jpg,620,433
light,296,256,00055.jpg,620,433
light,269,271,00055.jpg,620,433
light,309,272,00055.jpg,620,433
light,283,292,00055.jpg,620,433
light,112,250,00055.jpg,620,433
light,100,263,00055.jpg,620,433
light,112,269,00055.jpg,620,433
light,103,282,00055.jpg,620,433
windshield,327,98,00056.jpg,500,315
windshield,322,82,00056.jpg,500,315
windshield,251,117,00056.jpg,500,315
windshield,246,100,00056.jpg,500,315
light,331,158,00056.jpg,500,315
light,350,162,00056.jpg,500,315
light,353,199,00056.jpg,500,315
light,341,199,00056.jpg,500,315
light,456,138,00056.jpg,500,315
light,463,139,00056.jpg,500,315
light,465,170,00056.jpg,500,315
light,457,170,00056.jpg,500,315
windshield,550,196,00057.jpg,1200,498
windshield,727,192,00057.jpg,1200,498
windshield,660,157,00057.jpg,1200,498
windshield,513,150,00057.jpg,1200,498
light,712,245,00057.jpg,1200,498
light,738,265,00057.jpg,1200,498
light,712,267,00057.jpg,1200,498
light,729,283,00057.jpg,1200,498
light,931,245,00057.jpg,1200,498
light,952,260,00057.jpg,1200,498
light,931,263,00057.jpg,1200,498
light,949,281,00057.jpg,1200,498
windshield,120,67,00058.jpg,260,194
windshield,177,62,00058.jpg,260,194
windshield,155,44,00058.jpg,260,194
windshield,105,45,00058.jpg,260,194
light,171,99,00058.jpg,260,194
light,205,100,00058.jpg,260,194
light,208,117,00058.jpg,260,194
light,174,118,00058.jpg,260,194
light,248,84,00058.jpg,260,194
light,246,90,00058.jpg,260,194
light,251,104,00058.jpg,260,194
light,247,107,00058.jpg,260,194
windshield,342,154,00059.jpg,640,480
windshield,370,113,00059.jpg,640,480
windshield,278,110,00059.jpg,640,480
windshield,229,149,00059.jpg,640,480
light,186,212,00059.jpg,640,480
light,244,214,00059.jpg,640,480
light,238,236,00059.jpg,640,480
light,181,235,00059.jpg,640,480
light,85,196,00059.jpg,640,480
light,94,200,00059.jpg,640,480
light,88,235,00059.jpg,640,480
light,96,239,00059.jpg,640,480
windshield,226,178,00060.jpg,400,300
windshield,293,165,00060.jpg,400,300
windshield,282,151,00060.jpg,400,300
windshield,223,161,00060.jpg,400,300
light,274,197,00060.jpg,400,300
light,268,204,00060.jpg,400,300
light,278,203,00060.jpg,400,300
light,274,208,00060.jpg,400,300
light,330,186,00060.jpg,400,300
light,334,192,00060.jpg,400,300
light,326,193,00060.jpg,400,300
light,330,198,00060.jpg,400,300
windshield,604,251,00061.jpg,1023,764
windshield,656,145,00061.jpg,1023,764
windshield,429,166,00061.jpg,1023,764
windshield,332,260,00061.jpg,1023,764
light,239,405,00061.jpg,1023,764
light,370,402,00061.jpg,1023,764
light,382,467,00061.jpg,1023,764
light,213,479,00061.jpg,1023,764
light,34,379,00061.jpg,1023,764
light,53,382,00061.jpg,1023,764
light,29,454,00061.jpg,1023,764
light,44,458,00061.jpg,1023,764
windshield,386,88,00062.jpg,450,280
windshield,359,54,00062.jpg,450,280
windshield,218,51,00062.jpg,450,280
windshield,221,86,00062.jpg,450,280
light,172,130,00062.jpg,450,280
light,191,107,00062.jpg,450,280
light,220,107,00062.jpg,450,280
light,223,135,00062.jpg,450,280
light,378,113,00062.jpg,450,280
light,397,109,00062.jpg,450,280
light,396,131,00062.jpg,450,280
light,379,131,00062.jpg,450,280
windshield,638,416,00063.jpg,1032,774
windshield,679,362,00063.jpg,1032,774
windshield,533,362,00063.jpg,1032,774
windshield,427,416,00063.jpg,1032,774
light,507,459,00063.jpg,1032,774
light,436,483,00063.jpg,1032,774
light,374,515,00063.jpg,1032,774
light,428,512,00063.jpg,1032,774
light,257,446,00063.jpg,1032,774
light,226,464,00063.jpg,1032,774
light,225,484,00063.jpg,1032,774
light,195,503,00063.jpg,1032,774
windshield,247,181,00064.jpg,1024,768
windshield,777,179,00064.jpg,1024,768
windshield,723,87,00064.jpg,1024,768
windshield,298,87,00064.jpg,1024,768
light,156,255,00064.jpg,1024,768
light,139,327,00064.jpg,1024,768
light,211,259,00064.jpg,1024,768
light,253,358,00064.jpg,1024,768
light,812,259,00064.jpg,1024,768
light,875,259,00064.jpg,1024,768
light,878,321,00064.jpg,1024,768
light,772,356,00064.jpg,1024,768
windshield,156,206,00065.jpg,500,361
windshield,184,189,00065.jpg,500,361
windshield,232,187,00065.jpg,500,361
windshield,221,197,00065.jpg,500,361
light,285,210,00065.jpg,500,361
light,289,220,00065.jpg,500,361
light,333,201,00065.jpg,500,361
light,342,215,00065.jpg,500,361
light,386,200,00065.jpg,500,361
light,393,198,00065.jpg,500,361
light,395,212,00065.jpg,500,361
light,388,212,00065.jpg,500,361
windshield,113,60,00066.jpg,259,194
windshield,157,56,00066.jpg,259,194
windshield,138,43,00066.jpg,259,194
windshield,104,45,00066.jpg,259,194
light,160,82,00066.jpg,259,194
light,184,81,00066.jpg,259,194
light,187,88,00066.jpg,259,194
light,162,88,00066.jpg,259,194
light,214,74,00066.jpg,259,194
light,218,82,00066.jpg,259,194
light,213,83,00066.jpg,259,194
light,212,77,00066.jpg,259,194
windshield,225,160,00067.jpg,640,480
windshield,418,155,00067.jpg,640,480
windshield,380,109,00067.jpg,640,480
windshield,222,107,00067.jpg,640,480
light,287,259,00067.jpg,640,480
light,364,257,00067.jpg,640,480
light,377,297,00067.jpg,640,480
light,280,295,00067.jpg,640,480
light,559,236,00067.jpg,640,480
light,580,233,00067.jpg,640,480
light,584,260,00067.jpg,640,480
light,557,270,00067.jpg,640,480
windshield,429,106,00068.jpg,640,438
windshield,416,71,00068.jpg,640,438
windshield,285,75,00068.jpg,640,438
windshield,275,106,00068.jpg,640,438
light,255,162,00068.jpg,640,438
light,282,163,00068.jpg,640,438
light,273,241,00068.jpg,640,438
light,256,244,00068.jpg,640,438
light,40,159,00068.jpg,640,438
light,52,158,00068.jpg,640,438
light,52,224,00068.jpg,640,438
light,42,226,00068.jpg,640,438
windshield,497,209,00069.jpg,800,533
windshield,504,161,00069.jpg,800,533
windshield,276,179,00069.jpg,800,533
windshield,241,229,00069.jpg,800,533
light,160,284,00069.jpg,800,533
light,155,297,00069.jpg,800,533
light,203,285,00069.jpg,800,533
light,186,304,00069.jpg,800,533
light,391,275,00069.jpg,800,533
light,407,294,00069.jpg,800,533
light,490,257,00069.jpg,800,533
light,488,270,00069.jpg,800,533
windshield,912,533,00070.jpg,1600,1200
windshield,876,425,00070.jpg,1600,1200
windshield,449,382,00070.jpg,1600,1200
windshield,389,471,00070.jpg,1600,1200
light,274,619,00070.jpg,1600,1200
light,439,665,00070.jpg,1600,1200
light,408,674,00070.jpg,1600,1200
light,279,667,00070.jpg,1600,1200
light,790,710,00070.jpg,1600,1200
light,826,727,00070.jpg,1600,1200
light,946,693,00070.jpg,1600,1200
light,948,741,00070.jpg,1600,1200
windshield,329,97,00071.jpg,643,305
windshield,373,44,00071.jpg,643,305
windshield,185,50,00071.jpg,643,305
windshield,124,96,00071.jpg,643,305
light,205,156,00071.jpg,643,305
light,188,180,00071.jpg,643,305
light,284,144,00071.jpg,643,305
light,268,164,00071.jpg,643,305
light,32,149,00071.jpg,643,305
light,23,165,00071.jpg,643,305
light,53,180,00071.jpg,643,305
light,54,153,00071.jpg,643,305
windshield,657,368,00072.jpg,1280,850
windshield,833,372,00072.jpg,1280,850
windshield,712,310,00072.jpg,1280,850
windshield,564,297,00072.jpg,1280,850
light,855,472,00072.jpg,1280,850
light,882,446,00072.jpg,1280,850
light,995,446,00072.jpg,1280,850
light,976,493,00072.jpg,1280,850
light,1140,451,00072.jpg,1280,850
light,1155,485,00072.jpg,1280,850
light,1150,510,00072.jpg,1280,850
light,1137,489,00072.jpg,1280,850
windshield,236,53,00073.jpg,320,240
windshield,239,23,00073.jpg,320,240
windshield,143,31,00073.jpg,320,240
windshield,118,53,00073.jpg,320,240
light,155,87,00073.jpg,320,240
light,204,85,00073.jpg,320,240
light,193,142,00073.jpg,320,240
light,155,142,00073.jpg,320,240
light,18,88,00073.jpg,320,240
light,26,91,00073.jpg,320,240
light,28,128,00073.jpg,320,240
light,21,122,00073.jpg,320,240
windshield,240,46,00074.jpg,320,240
windshield,243,19,00074.jpg,320,240
windshield,147,26,00074.jpg,320,240
windshield,120,47,00074.jpg,320,240
light,155,78,00074.jpg,320,240
light,206,76,00074.jpg,320,240
light,195,134,00074.jpg,320,240
light,155,133,00074.jpg,320,240
light,18,78,00074.jpg,320,240
light,26,82,00074.jpg,320,240
light,21,121,00074.jpg,320,240
light,28,122,00074.jpg,320,240
windshield,250,112,00075.jpg,550,286
windshield,304,81,00075.jpg,550,286
windshield,238,96,00075.jpg,550,286
windshield,188,119,00075.jpg,550,286
light,128,164,00075.jpg,550,286
light,146,145,00075.jpg,550,286
light,168,156,00075.jpg,550,286
light,201,139,00075.jpg,550,286
light,57,171,00075.jpg,550,286
light,67,149,00075.jpg,550,286
light,69,161,00075.jpg,550,286
light,80,148,00075.jpg,550,286
windshield,110,60,00076.jpg,300,187
windshield,189,54,00076.jpg,300,187
windshield,166,37,00076.jpg,300,187
windshield,98,40,00076.jpg,300,187
light,177,98,00076.jpg,300,187
light,189,97,00076.jpg,300,187
light,188,107,00076.jpg,300,187
light,179,107,00076.jpg,300,187
light,275,87,00076.jpg,300,187
light,279,90,00076.jpg,300,187
light,272,92,00076.jpg,300,187
light,275,96,00076.jpg,300,187
windshield,1724,636,00077.jpg,3552,2153
windshield,2562,589,00077.jpg,3552,2153
windshield,2043,291,00077.jpg,3552,2153
windshield,1357,296,00077.jpg,3552,2153
light,2195,1019,00077.jpg,3552,2153
light,2761,1092,00077.jpg,3552,2153
light,2808,1192,00077.jpg,3552,2153
light,2478,1187,00077.jpg,3552,2153
light,3353,898,00077.jpg,3552,2153
light,3416,1040,00077.jpg,3552,2153
light,3374,1061,00077.jpg,3552,2153
light,3416,1150,00077.jpg,3552,2153
windshield,341,206,00078.jpg,640,480
windshield,394,142,00078.jpg,640,480
windshield,289,114,00078.jpg,640,480
windshield,221,154,00078.jpg,640,480
light,163,311,00078.jpg,640,480
light,144,317,00078.jpg,640,480
light,170,330,00078.jpg,640,480
light,141,340,00078.jpg,640,480
light,46,253,00078.jpg,640,480
light,37,265,00078.jpg,640,480
light,47,268,00078.jpg,640,480
light,35,279,00078.jpg,640,480
windshield,418,184,00079.jpg,750,469
windshield,539,190,00079.jpg,750,469
windshield,471,155,00079.jpg,750,469
windshield,379,146,00079.jpg,750,469
light,522,215,00079.jpg,750,469
light,613,227,00079.jpg,750,469
light,575,249,00079.jpg,750,469
light,647,259,00079.jpg,750,469
light,707,229,00079.jpg,750,469
light,717,251,00079.jpg,750,469
light,735,251,00079.jpg,750,469
light,718,228,00079.jpg,750,469
windshield,198,62,00080.jpg,300,224
windshield,180,37,00080.jpg,300,224
windshield,71,29,00080.jpg,300,224
light,69,91,00080.jpg,300,224
light,116,89,00080.jpg,300,224
light,124,113,00080.jpg,300,224
light,65,112,00080.jpg,300,224
light,259,95,00080.jpg,300,224
light,281,97,00080.jpg,300,224
light,283,115,00080.jpg,300,224
light,256,114,00080.jpg,300,224
windshield,196,107,00081.jpg,550,301
windshield,399,101,00081.jpg,550,301
windshield,346,70,00081.jpg,550,301
windshield,174,71,00081.jpg,550,301
light,265,142,00081.jpg,550,301
light,305,142,00081.jpg,550,301
light,289,158,00081.jpg,550,301
light,350,161,00081.jpg,550,301
light,501,159,00081.jpg,550,301
light,494,140,00081.jpg,550,301
light,533,161,00081.jpg,550,301
light,518,138,00081.jpg,550,301
windshield,222,190,00082.jpg,640,480
windshield,463,188,00082.jpg,640,480
windshield,411,138,00082.jpg,640,480
windshield,216,141,00082.jpg,640,480
light,281,237,00082.jpg,640,480
light,265,263,00082.jpg,640,480
light,327,259,00082.jpg,640,480
light,306,278,00082.jpg,640,480
light,559,231,00082.jpg,640,480
light,556,251,00082.jpg,640,480
light,578,248,00082.jpg,640,480
light,577,270,00082.jpg,640,480
windshield,178,111,00083.jpg,300,225
windshield,185,78,00083.jpg,300,225
windshield,111,76,00083.jpg,300,225
windshield,83,105,00083.jpg,300,225
light,128,134,00083.jpg,300,225
light,195,136,00083.jpg,300,225
light,196,152,00083.jpg,300,225
light,128,148,00083.jpg,300,225
light,93,126,00083.jpg,300,225
light,91,142,00083.jpg,300,225
light,64,122,00083.jpg,300,225
light,64,134,00083.jpg,300,225
light,129,130,00083.jpg,300,225
windshield,387,175,00084.jpg,640,480
windshield,416,99,00084.jpg,640,480
windshield,228,107,00084.jpg,640,480
windshield,174,165,00084.jpg,640,480
light,239,263,00084.jpg,640,480
light,311,266,00084.jpg,640,480
light,300,346,00084.jpg,640,480
light,243,346,00084.jpg,640,480
light,42,230,00084.jpg,640,480
light,51,240,00084.jpg,640,480
light,53,297,00084.jpg,640,480
light,42,287,00084.jpg,640,480
windshield,274,164,00085.jpg,640,480
windshield,488,160,00085.jpg,640,480
windshield,416,109,00085.jpg,640,480
windshield,238,112,00085.jpg,640,480
light,336,222,00085.jpg,640,480
light,348,253,00085.jpg,640,480
light,411,233,00085.jpg,640,480
light,433,263,00085.jpg,640,480
light,601,259,00085.jpg,640,480
light,598,221,00085.jpg,640,480
light,614,237,00085.jpg,640,480
light,595,203,00085.jpg,640,480
windshield,1153,460,00086.jpg,1500,920
windshield,1350,471,00086.jpg,1500,920
windshield,1319,385,00086.jpg,1500,920
windshield,1128,369,00086.jpg,1500,920
light,1062,509,00086.jpg,1500,920
light,1137,515,00086.jpg,1500,920
light,1137,615,00086.jpg,1500,920
light,1069,615,00086.jpg,1500,920
light,1376,524,00086.jpg,1500,920
light,1374,619,00086.jpg,1500,920
light,1352,617,00086.jpg,1500,920
light,1354,526,00086.jpg,1500,920
windshield,216,84,00087.jpg,467,234
windshield,250,56,00087.jpg,467,234
windshield,163,56,00087.jpg,467,234
windshield,112,84,00087.jpg,467,234
light,108,137,00087.jpg,467,234
light,119,121,00087.jpg,467,234
light,168,113,00087.jpg,467,234
light,156,130,00087.jpg,467,234
light,32,108,00087.jpg,467,234
light,32,116,00087.jpg,467,234
light,23,131,00087.jpg,467,234
light,30,135,00087.jpg,467,234
windshield,1703,562,00088.jpg,2592,1944
windshield,1815,290,00088.jpg,2592,1944
windshield,1118,290,00088.jpg,2592,1944
windshield,878,507,00088.jpg,2592,1944
light,1490,689,00088.jpg,2592,1944
light,1629,736,00088.jpg,2592,1944
light,1354,833,00088.jpg,2592,1944
light,1048,906,00088.jpg,2592,1944
light,537,596,00088.jpg,2592,1944
light,382,658,00088.jpg,2592,1944
light,448,666,00088.jpg,2592,1944
light,328,817,00088.jpg,2592,1944
windshield,549,309,00089.jpg,1024,768
windshield,610,245,00089.jpg,1024,768
windshield,432,249,00089.jpg,1024,768
windshield,324,312,00089.jpg,1024,768
light,266,412,00089.jpg,1024,768
light,289,378,00089.jpg,1024,768
light,402,381,00089.jpg,1024,768
light,390,405,00089.jpg,1024,768
light,94,378,00089.jpg,1024,768
light,110,378,00089.jpg,1024,768
light,85,421,00089.jpg,1024,768
light,100,421,00089.jpg,1024,768
windshield,174,76,00090.jpg,300,225
windshield,193,48,00090.jpg,300,225
windshield,141,50,00090.jpg,300,225
windshield,108,71,00090.jpg,300,225
light,84,108,00090.jpg,300,225
light,84,127,00090.jpg,300,225
light,37,124,00090.jpg,300,225
light,45,103,00090.jpg,300,225
light,17,89,00090.jpg,300,225
light,22,91,00090.jpg,300,225
light,11,108,00090.jpg,300,225
light,16,108,00090.jpg,300,225
windshield,396,140,00091.jpg,640,480
windshield,363,85,00091.jpg,640,480
windshield,182,85,00091.jpg,640,480
windshield,150,140,00091.jpg,640,480
light,67,240,00091.jpg,640,480
light,62,288,00091.jpg,640,480
light,144,316,00091.jpg,640,480
light,123,276,00091.jpg,640,480
light,481,236,00091.jpg,640,480
light,436,268,00091.jpg,640,480
light,411,310,00091.jpg,640,480
light,485,280,00091.jpg,640,480
windshield,273,118,00092.jpg,600,338
windshield,372,124,00092.jpg,600,338
windshield,329,102,00092.jpg,600,338
windshield,240,92,00092.jpg,600,338
light,342,167,00092.jpg,600,338
light,322,143,00092.jpg,600,338
light,418,184,00092.jpg,600,338
light,379,164,00092.jpg,600,338
light,458,145,00092.jpg,600,338
light,473,166,00092.jpg,600,338
light,482,179,00092.jpg,600,338
light,476,157,00092.jpg,600,338
windshield,147,73,00093.jpg,275,183
windshield,163,58,00093.jpg,275,183
windshield,116,58,00093.jpg,275,183
windshield,96,72,00093.jpg,275,183
light,86,104,00093.jpg,275,183
light,87,91,00093.jpg,275,183
light,72,92,00093.jpg,275,183
light,70,106,00093.jpg,275,183
light,30,103,00093.jpg,275,183
light,33,90,00093.jpg,275,183
light,27,92,00093.jpg,275,183
light,25,104,00093.jpg,275,183
windshield,159,167,00094.jpg,786,491
windshield,599,113,00094.jpg,786,491
windshield,505,74,00094.jpg,786,491
windshield,192,111,00094.jpg,786,491
light,217,201,00094.jpg,786,491
light,315,184,00094.jpg,786,491
light,343,223,00094.jpg,786,491
light,274,227,00094.jpg,786,491
light,641,146,00094.jpg,786,491
light,730,130,00094.jpg,786,491
light,725,171,00094.jpg,786,491
light,678,181,00094.jpg,786,491
windshield,540,289,00095.jpg,1280,782
windshield,557,210,00095.jpg,1280,782
windshield,782,210,00095.jpg,1280,782
windshield,810,268,00095.jpg,1280,782
light,867,402,00095.jpg,1280,782
light,838,399,00095.jpg,1280,782
light,853,297,00095.jpg,1280,782
light,821,300,00095.jpg,1280,782
light,1180,393,00095.jpg,1280,782
light,1197,393,00095.jpg,1280,782
light,1191,295,00095.jpg,1280,782
light,1172,291,00095.jpg,1280,782
windshield,127,107,00096.jpg,400,265
windshield,253,102,00096.jpg,400,265
windshield,216,76,00096.jpg,400,265
windshield,127,82,00096.jpg,400,265
light,152,118,00096.jpg,400,265
light,160,116,00096.jpg,400,265
light,194,148,00096.jpg,400,265
light,209,150,00096.jpg,400,265
light,331,138,00096.jpg,400,265
light,333,134,00096.jpg,400,265
light,319,118,00096.jpg,400,265
light,317,125,00096.jpg,400,265
windshield,446,115,00098.jpg,640,426
windshield,459,62,00098.jpg,640,426
windshield,287,65,00098.jpg,640,426
windshield,238,111,00098.jpg,640,426
light,365,250,00098.jpg,640,426
light,379,190,00098.jpg,640,426
light,347,194,00098.jpg,640,426
light,310,260,00098.jpg,640,426
light,96,231,00098.jpg,640,426
light,119,173,00098.jpg,640,426
light,112,164,00098.jpg,640,426
light,84,219,00098.jpg,640,426
windshield,318,135,00099.jpg,510,383
windshield,318,89,00099.jpg,510,383
windshield,170,121,00099.jpg,510,383
windshield,138,168,00099.jpg,510,383
light,279,212,00099.jpg,510,383
light,280,194,00099.jpg,510,383
light,208,208,00099.jpg,510,383
light,203,230,00099.jpg,510,383
light,70,253,00099.jpg,510,383
light,64,234,00099.jpg,510,383
light,42,233,00099.jpg,510,383
light,37,254,00099.jpg,510,383
windshield,159,202,00100.jpg,480,360
windshield,148,202,00100.jpg,480,360
windshield,141,220,00100.jpg,480,360
windshield,129,222,00100.jpg,480,360
light,42,285,00100.jpg,480,360
light,38,257,00100.jpg,480,360
light,36,284,00100.jpg,480,360
light,65,238,00100.jpg,480,360
light,64,248,00100.jpg,480,360
light,55,248,00100.jpg,480,360
light,57,241,00100.jpg,480,360
windshield,301,381,00101.jpg,1024,768
windshield,324,150,00101.jpg,1024,768
windshield,680,150,00101.jpg,1024,768
windshield,722,370,00101.jpg,1024,768
light,110,329,00101.jpg,1024,768
light,171,326,00101.jpg,1024,768
light,217,419,00101.jpg,1024,768
light,84,398,00101.jpg,1024,768
light,839,326,00101.jpg,1024,768
light,899,317,00101.jpg,1024,768
light,924,381,00101.jpg,1024,768
light,797,405,00101.jpg,1024,768
